,City,Lat,Lng,Max Temp,Humidity,Cloudiness,Wind Speed,Country,Date
0,Castro,-24.7911,-50.0119,44.04,97,13,2.24,BR,1627879406
1,Port Augusta,-32.5,137.7667,62.71,70,86,18.61,AU,1627879406
2,Busselton,-33.65,115.3333,58.05,66,100,10.36,AU,1627879407
3,Karratha,-20.7377,116.8463,76.21,25,0,15.41,AU,1627879408
4,Hilo,19.7297,-155.09,75.79,88,65,6.22,US,1627879004
5,Khuzhir,53.1939,107.3397,56.98,79,48,2.39,RU,1627879408
6,Fort Nelson,58.8053,-122.7002,78.39,65,20,2.3,CA,1627879408
7,Atuona,-9.8,-139.0333,77.41,68,31,12.5,PF,1627879410
8,Narsaq,60.9167,-46.05,57.42,97,100,2.93,GL,1627879410
9,Cape Town,-33.9258,18.4232,57.09,89,0,1.99,ZA,1627879411
10,Bredasdorp,-34.5322,20.0403,55.27,94,100,3.44,ZA,1627879412
11,Khatanga,71.9667,102.5,72.99,44,77,4.21,RU,1627879412
12,Cherskiy,68.75,161.3,44.91,65,71,21.34,RU,1627879412
13,Arraial do Cabo,-22.9661,-42.0278,65.1,75,19,14.2,BR,1627879413
14,Vaini,-21.2,-175.2,73.56,78,20,14.97,TO,1627879414
15,Khani,41.9563,42.9566,65.77,69,5,2.51,GE,1627879414
16,Punta Arenas,-53.15,-70.9167,39.31,81,40,12.66,CL,1627879347
17,Teknāf,20.8624,92.3058,81.9,84,91,7.27,BD,1627879415
18,Benicarló,40.4165,0.4271,71.19,61,88,1.14,ES,1627879415
19,Bluff,-46.6,168.3333,44.8,91,100,12.39,NZ,1627879415
20,Pala,9.3642,14.9046,71.19,94,100,7.96,TD,1627879416
21,Strezhevoy,60.7333,77.5889,57.18,60,100,9.62,RU,1627879416
22,Ushuaia,-54.8,-68.3,40.66,75,0,5.75,AR,1627879417
23,Asău,46.4333,26.4,73.76,68,19,4.52,RO,1627879417
24,Port Elizabeth,-33.918,25.5701,57.49,94,90,8.05,ZA,1627879369
25,Mataura,-46.1927,168.8643,44.47,95,100,5.59,NZ,1627879419
26,Rikitea,-23.1203,-134.9692,69.48,56,5,21.0,PF,1627879419
27,Bethel,41.3712,-73.414,67.91,92,20,0.0,US,1627879420
28,Collie,-33.3667,116.15,53.98,57,82,6.64,AU,1627879420
29,Somerset West,-34.084,18.8211,57.04,88,17,6.35,ZA,1627879423
30,Camacha,33.0833,-16.3333,68.76,88,40,14.97,PT,1627879424
31,Gweta,-20.1833,25.2333,54.39,47,0,7.61,BW,1627879424
32,Baruun-Urt,46.6806,113.2792,78.94,29,58,11.52,MN,1627879424
33,Mar del Plata,-38.0023,-57.5575,41.09,31,90,8.99,AR,1627879150
34,Upernavik,72.7868,-56.1549,41.59,81,2,9.95,GL,1627879425
35,Qaqortoq,60.7167,-46.0333,57.7,96,100,6.04,GL,1627879425
36,Beringovskiy,63.05,179.3167,45.0,80,99,24.79,RU,1627879426
37,Tasiilaq,65.6145,-37.6368,44.76,79,100,3.94,GL,1627879426
38,Portland,45.5234,-122.6762,81.37,63,20,1.99,US,1627878750
39,Avarua,-21.2078,-159.775,77.05,88,90,12.66,CK,1627879426
40,Nikolskoye,59.7035,30.7861,61.02,67,100,5.84,RU,1627879427
41,Port Alfred,-33.5906,26.891,59.83,84,90,11.43,ZA,1627879428
42,Horki,54.2861,30.9842,67.98,90,93,10.51,BY,1627879429
43,Lompoc,34.6391,-120.4579,65.1,80,1,6.91,US,1627879430
44,New Norfolk,-42.7826,147.0587,56.71,63,80,6.29,AU,1627879430
45,Mandalgovi,45.7625,106.2708,70.14,34,86,9.91,MN,1627879430
46,Zhigansk,66.7697,123.3711,80.67,38,1,13.2,RU,1627879431
47,Aktau,43.65,51.2,88.38,29,0,4.05,KZ,1627879431
48,Tomatlán,19.9333,-105.25,76.53,91,86,2.44,MX,1627879432
49,Codrington,-38.2667,141.9667,57.7,68,10,19.46,AU,1627879434
50,Hithadhoo,-0.6,73.0833,81.7,72,83,7.07,MV,1627879464
51,Adrar,20.5022,-10.0711,87.19,39,36,19.75,MR,1627879465
52,Saint Paul Harbor,57.79,-152.4072,56.71,88,90,0.0,US,1627879465
53,Dikson,73.5069,80.5464,42.6,97,98,7.96,RU,1627879466
54,Sebina,-20.8667,27.25,49.98,53,0,3.42,BW,1627879466
55,Uray,60.1247,64.7758,67.73,64,1,11.27,RU,1627879467
56,Faanui,-16.4833,-151.75,77.85,71,27,14.83,PF,1627879468
57,Hobart,-42.8794,147.3294,57.06,56,75,3.0,AU,1627879467
58,Puerto Ayora,-0.7393,-90.3518,70.56,92,46,3.0,EC,1627879468
59,Tiksi,71.6872,128.8694,55.47,56,10,6.22,RU,1627879470
60,Nara,34.6851,135.8049,97.92,45,91,8.32,JP,1627879333
61,Mareeba,-17.0,145.4333,80.44,47,2,8.55,AU,1627879471
62,Qaanaaq,77.484,-69.3632,40.37,88,70,4.5,GL,1627879472
63,Tuktoyaktuk,69.4541,-133.0374,57.2,88,75,4.61,CA,1627879472
64,Saint-Leu,-21.15,55.2833,70.66,64,22,2.06,RE,1627879472
65,Berlevåg,70.8578,29.0864,46.4,94,100,12.71,NO,1627879473
66,Lüderitz,-26.6481,15.1594,62.67,36,0,6.4,NA,1627879475
67,Gambēla,8.25,34.5833,69.62,97,100,1.43,ET,1627879476
68,Husavik,66.0449,-17.3389,49.91,73,100,0.92,IS,1627879477
69,Airai,-8.9266,125.4092,76.17,45,25,4.09,TL,1627879478
70,Mount Isa,-20.7333,139.5,89.37,22,90,12.66,AU,1627879478
71,Broome,42.2506,-75.833,60.91,98,90,1.99,US,1627879433
72,Christchurch,-43.5333,172.6333,53.01,83,90,5.99,NZ,1627879467
73,Bambous Virieux,-20.3428,57.7575,70.05,73,75,11.5,MU,1627879480
74,Carutapera,-1.195,-46.02,71.73,89,61,0.96,BR,1627879480
75,Kaitangata,-46.2817,169.8464,50.94,70,100,7.31,NZ,1627879480
76,Creel,27.75,-107.6333,57.31,91,100,2.37,MX,1627879481
77,Awka,6.2101,7.0741,70.66,96,97,2.3,NG,1627879481
78,Ambo,-10.1308,-76.2047,57.11,90,92,2.1,PE,1627879482
79,Boa Vista,2.8197,-60.6733,75.18,88,90,3.44,BR,1627879482
80,Cidreira,-30.1811,-50.2056,52.32,93,3,6.87,BR,1627879478
81,Bluefields,12.0137,-83.7635,77.09,93,100,9.93,NI,1627879484
82,Bandarbeyla,9.4942,50.8122,83.95,57,26,33.51,SO,1627879485
83,Pucallpa,-8.3791,-74.5539,66.78,78,33,1.5,PE,1627879486
84,Jamestown,42.097,-79.2353,62.19,98,90,1.01,US,1627879377
85,Baraya,3.1533,-75.0531,71.64,69,100,3.71,CO,1627879487
86,Yelan’-Kolenovskiy,51.1632,41.151,81.43,50,2,4.21,RU,1627879487
87,Ponta Delgada,37.7333,-25.6667,70.52,94,75,9.22,PT,1627879488
88,Tuatapere,-46.1333,167.6833,44.82,94,100,6.06,NZ,1627879488
89,Makakilo City,21.3469,-158.0858,82.72,51,1,10.36,US,1627879488
90,Port Hedland,-20.3167,118.5667,77.05,19,0,18.41,AU,1627879490
91,Ancud,-41.8697,-73.8203,47.73,91,100,2.28,CL,1627879490
92,Chapais,49.7834,-74.8492,53.38,87,100,3.36,CA,1627879491
93,Esperance,-33.8667,121.9,58.84,64,100,16.17,AU,1627879491
94,Barrow,71.2906,-156.7887,44.62,82,90,12.66,US,1627879491
95,Usinsk,65.9939,57.5281,55.15,83,100,7.14,RU,1627879492
96,Kavaratti,10.5669,72.642,82.47,73,61,15.08,IN,1627879492
97,Kolokani,13.5728,-8.0339,71.6,93,12,6.29,ML,1627879492
98,Evensk,61.95,159.2333,54.79,59,100,14.12,RU,1627879493
99,Huarmey,-10.0681,-78.1522,64.04,86,54,9.19,PE,1627879493
100,Cap Malheureux,-19.9842,57.6142,70.29,74,5,3.0,MU,1627879524
101,Lithakia,37.7167,20.8333,80.58,73,0,0.0,GR,1627879526
102,Cayenne,4.9333,-52.3333,74.08,91,20,0.0,GF,1627879526
103,Carnarvon,-24.8667,113.6333,64.47,32,0,18.41,AU,1627879515
104,Half Moon Bay,37.4636,-122.4286,66.11,80,1,5.75,US,1627879528
105,Albany,42.6001,-73.9662,64.27,95,100,0.87,US,1627879507
106,Caconda,-13.7333,15.0667,51.71,54,13,2.06,AO,1627879529
107,Butaritari,3.0707,172.7902,83.3,67,45,7.05,KI,1627879511
108,Saint George,37.1041,-113.5841,89.64,34,1,1.01,US,1627879433
109,Inuvik,68.3499,-133.7218,72.46,54,75,3.44,CA,1627879531
110,Provideniya,64.3833,-173.3,44.71,81,90,17.9,RU,1627879532
111,Leningradskiy,69.3833,178.4167,33.15,99,100,14.72,RU,1627879532
112,Mount Gambier,-37.8333,140.7667,60.71,55,40,19.57,AU,1627879533
113,Luwuk,-0.9516,122.7875,84.25,73,14,5.21,ID,1627879533
114,Šaľa,48.1513,17.8806,64.06,80,91,10.65,SK,1627879535
115,Severo-Kuril'sk,50.6789,156.125,57.45,69,17,14.18,RU,1627879535
116,São José da Coroa Grande,-8.8978,-35.1478,72.03,83,20,12.75,BR,1627879536
117,Chokurdakh,70.6333,147.9167,52.47,44,25,7.38,RU,1627879537
118,Abu Dhabi,24.4667,54.3667,95.02,31,0,3.44,AE,1627879329
119,Thompson,55.7435,-97.8558,66.36,72,75,8.05,CA,1627879502
120,Saldanha,-33.0117,17.9442,46.45,87,23,6.64,ZA,1627879537
121,Arcata,40.8665,-124.0828,55.2,76,90,0.0,US,1627879538
122,Sinnamary,5.3833,-52.95,76.6,87,16,8.5,GF,1627879539
123,George Town,5.4112,100.3354,89.55,62,20,5.01,MY,1627879321
124,Cabo San Lucas,22.8909,-109.9124,86.61,78,32,5.99,MX,1627879358
125,Acaraú,-2.8856,-40.12,75.16,63,51,8.97,BR,1627879540
126,Kuchinda,21.7333,84.35,84.16,66,96,10.87,IN,1627879541
127,Cruz,-2.9178,-40.1717,74.52,63,52,8.52,BR,1627879541
128,Along,28.1667,94.7667,93.15,52,17,2.24,IN,1627879541
129,Kloulklubed,7.0419,134.2556,82.9,75,100,14.85,PW,1627879542
130,Marovoay,-16.1,46.6333,68.14,54,33,6.73,MG,1627879542
131,Port Blair,11.6667,92.75,86.04,79,40,13.8,IN,1627879543
132,Shingū,33.7333,135.9833,85.91,71,99,8.34,JP,1627879543
133,Nanortalik,60.1432,-45.2371,45.95,92,100,7.52,GL,1627879544
134,Severnyy,50.677,36.5532,77.04,61,0,4.47,RU,1627879544
135,San Luis,-33.295,-66.3356,48.83,33,0,7.36,AR,1627879369
136,Chui,-33.6971,-53.4616,50.95,94,90,5.32,UY,1627879498
137,Yellowknife,62.456,-114.3525,74.28,56,20,5.75,CA,1627879545
138,Los Andes,-32.8337,-70.5983,59.02,14,0,5.77,CL,1627879545
139,Banda Aceh,5.5577,95.3222,84.61,64,96,14.47,ID,1627879546
140,Iqaluit,63.7506,-68.5145,49.73,93,90,0.0,CA,1627879546
141,Marawi,7.9986,124.2928,84.6,54,85,6.17,PH,1627879548
142,Deputatsky,69.3,139.9,57.49,39,7,13.56,RU,1627879548
143,Teya,60.3778,92.6267,73.65,45,76,4.12,RU,1627879549
144,Khandyga,62.6667,135.6,85.28,20,0,3.71,RU,1627879549
145,Kapaa,22.0752,-159.319,84.18,77,75,4.0,US,1627879319
146,Olafsvik,64.8945,-23.7142,53.31,89,82,3.38,IS,1627879550
147,Saskylakh,71.9167,114.0833,81.63,31,9,10.11,RU,1627879550
148,Hermanus,-34.4187,19.2345,55.8,88,75,10.76,ZA,1627879551
149,Ha Giang,22.8333,104.9833,99.68,41,8,2.06,VN,1627879552
150,Santander,43.4647,-3.8044,60.3,93,20,1.99,ES,1627879584
151,Katobu,-4.9408,122.5276,88.34,51,3,5.95,ID,1627879585
152,Krasnaya Zarya,52.7825,37.6806,76.35,50,20,9.86,RU,1627879585
153,Coquimbo,-29.9533,-71.3436,51.53,100,90,12.66,CL,1627879467
154,Kochevo,59.5994,54.3125,59.58,95,99,4.03,RU,1627879585
155,Aklavik,68.2191,-135.0107,72.43,68,90,9.82,CA,1627879586
156,Zhezkazgan,47.8043,67.7144,91.94,20,8,2.86,KZ,1627879586
157,Shimoda,34.6667,138.95,82.76,76,89,10.92,JP,1627879586
158,Indramayu,-6.3264,108.32,86.61,58,13,14.56,ID,1627879587
159,Aykhal,66.0,111.5,79.11,29,39,13.91,RU,1627879587
160,Byron Bay,-28.65,153.6167,70.05,88,100,5.57,AU,1627879287
161,Havøysund,70.9963,24.6622,47.28,82,88,17.87,NO,1627879589
162,Katsuura,35.1333,140.3,89.64,85,87,11.32,JP,1627879590
163,Mahabalipuram,12.6264,80.1722,89.65,47,100,12.03,IN,1627879590
164,Weiser,44.251,-116.9693,79.32,75,72,2.86,US,1627879591
165,Rawson,-43.3002,-65.1023,54.07,36,21,7.25,AR,1627879591
166,Namwala,-15.7504,26.4384,54.19,71,0,3.29,ZM,1627879592
167,Damabalas,7.0156,124.5142,90.32,58,85,5.99,PH,1627879592
168,Pevek,69.7008,170.3133,35.82,88,100,17.67,RU,1627879592
169,Kaélé,10.1092,14.4508,71.96,92,98,8.3,CM,1627879594
170,Goderich,43.7501,-81.7165,66.9,82,19,9.22,CA,1627879594
171,Berdigestyakh,62.0989,126.6992,80.87,23,100,12.15,RU,1627879595
172,Hasaki,35.7333,140.8333,88.29,81,56,11.72,JP,1627879595
173,Lebu,-37.6167,-73.65,49.03,84,5,17.78,CL,1627879595
174,Yar-Sale,66.8333,70.8333,55.31,98,100,11.45,RU,1627879596
175,Borogontsy,62.6683,131.1683,84.94,20,91,11.88,RU,1627879596
176,Patacamaya,-17.2333,-67.9167,35.91,83,86,8.63,BO,1627879597
177,Parintins,-2.6283,-56.7358,74.89,80,94,2.57,BR,1627879390
178,Harwich,51.9419,1.2844,57.99,94,46,1.01,GB,1627879598
179,Beihai,21.4833,109.1,80.42,87,100,11.45,CN,1627879598
180,Arman',59.7,150.1667,59.63,42,5,27.11,RU,1627879598
181,Lavrentiya,65.5833,-171.0,40.21,90,100,17.96,RU,1627879599
182,Ati,13.2154,18.3353,75.4,81,98,7.52,TD,1627879600
183,Ilulissat,69.2167,-51.1,57.22,41,0,27.63,GL,1627879600
184,Alofi,-19.0595,-169.9187,76.89,69,75,14.97,NU,1627879601
185,Reitz,-27.8014,28.4273,39.6,33,7,4.83,ZA,1627879601
186,Kudahuvadhoo,2.6708,72.8944,82.2,73,76,7.47,MV,1627879602
187,Westport,41.1415,-73.3579,69.84,83,75,5.01,US,1627879602
188,Kilindoni,-7.9139,39.6668,76.17,74,6,15.1,TZ,1627879602
189,Geraldton,-28.7667,114.6,64.13,63,52,11.5,AU,1627879603
190,Scarborough,54.2797,-0.4044,52.92,87,76,5.06,GB,1627879603
191,Morondava,-20.2833,44.2833,69.71,64,38,3.71,MG,1627879603
192,Eureka,40.8021,-124.1637,55.2,79,27,2.37,US,1627879606
193,Hermosillo,29.0667,-110.9667,94.68,49,6,5.01,MX,1627879606
194,Kota Kinabalu,5.9749,116.0724,87.78,70,20,11.5,MY,1627879607
195,Nabire,-3.3667,135.4833,87.08,63,24,5.44,ID,1627879607
196,Baker City,44.7749,-117.8344,71.31,84,1,3.44,US,1627879608
197,Olavarría,-36.8927,-60.3225,38.12,80,0,5.61,AR,1627879608
198,Glenwood Springs,39.5505,-107.3248,68.92,83,90,0.0,US,1627879535
199,Kindu,-2.95,25.95,70.48,70,62,2.46,CD,1627879609
200,Yinchuan,38.4681,106.2731,91.71,18,74,3.09,CN,1627879644
201,Coahuayana Viejo,18.7333,-103.6833,79.75,87,69,0.54,MX,1627879645
202,São Mateus do Sul,-25.8742,-50.3828,43.72,99,22,1.68,BR,1627879645
203,Saint-Philippe,-21.3585,55.7679,71.19,71,40,8.3,RE,1627879646
204,Camaná,-16.6228,-72.7111,61.12,84,55,6.93,PE,1627879646
205,Machilipatnam,16.1667,81.1333,89.8,51,100,16.17,IN,1627879647
206,Verāval,20.9,70.3667,82.65,81,100,20.71,IN,1627879647
207,Yangi Marg`ilon,40.4272,71.7189,83.62,44,10,6.91,UZ,1627879647
208,Nome,64.5011,-165.4064,55.11,94,90,8.05,US,1627879648
209,Mayo,38.8876,-76.5119,70.95,94,40,3.0,US,1627879648
210,Manado,1.487,124.8455,84.97,79,40,2.3,ID,1627879586
211,Jalu,29.0331,21.5482,84.22,31,1,5.23,LY,1627879602
212,Chifeng,42.2683,118.9636,69.89,73,64,14.34,CN,1627879649
213,Skellefteå,64.7507,20.9528,48.56,71,20,9.22,SE,1627879650
214,Champerico,14.3,-91.9167,82.04,81,100,5.75,GT,1627879651
215,Verkhnyaya Inta,65.9811,60.3094,54.28,89,94,10.6,RU,1627879651
216,Ucluelet,48.9329,-125.5528,73.04,88,11,1.01,CA,1627879554
217,Abhā,18.2164,42.5053,66.02,68,0,0.0,SA,1627879652
218,San Cristobal,7.7669,-72.225,65.66,98,100,6.04,VE,1627879652
219,Mogadishu,2.0371,45.3438,75.07,69,75,5.75,SO,1627879653
220,Ambilobe,-13.2,49.05,75.33,60,12,2.89,MG,1627879653
221,Beaumont,30.0861,-94.1019,82.44,90,1,4.61,US,1627879654
222,Ranong,9.9658,98.6348,85.93,83,100,15.19,TH,1627879655
223,New Castle,41.0037,-80.347,61.72,92,1,0.0,US,1627879656
224,La Ronge,55.1001,-105.2842,70.02,64,75,3.44,CA,1627879658
225,Cartagena,10.3997,-75.5144,78.42,89,40,4.61,CO,1627879432
226,Nizhniy Kuranakh,58.8353,125.4869,58.1,96,100,2.46,RU,1627879659
227,Port Lincoln,-34.7333,135.8667,53.78,72,100,18.99,AU,1627879659
228,Saint-Joseph,-21.3667,55.6167,70.18,68,23,7.63,RE,1627879659
229,Erzin,36.9559,36.2,81.12,55,0,3.11,TR,1627879660
230,Neiafu,-18.65,-173.9833,75.88,73,40,9.22,TO,1627879660
231,Maniwaki,46.3834,-75.966,57.74,77,89,5.75,CA,1627879431
232,Labuhan,-6.8844,112.2051,88.02,54,50,5.88,ID,1627879661
233,São João da Barra,-21.6403,-41.0511,63.28,75,49,4.03,BR,1627879438
234,Souillac,-20.5167,57.5167,70.18,73,75,11.5,MU,1627879664
235,College,64.8569,-147.8028,75.18,61,75,4.61,US,1627879664
236,Billings Metropolitan Area,45.7833,-108.5007,83.97,26,20,8.05,US,1627879664
237,Skibbereen,51.55,-9.2667,51.6,83,100,3.53,IE,1627879665
238,Laguna,38.421,-121.4238,82.24,58,1,5.99,US,1627879665
239,José de Freitas,-4.7564,-42.5756,72.55,54,100,6.11,BR,1627879666
240,Dunedin,-45.8742,170.5036,50.81,76,100,5.01,NZ,1627879542
241,Peace River,56.2501,-117.286,75.51,73,90,4.61,CA,1627879630
242,Bawku,11.0616,-0.2417,75.16,79,37,4.25,GH,1627879667
243,Boone,39.0334,-92.3335,70.65,88,0,6.31,US,1627879667
244,Tocopilla,-22.092,-70.1979,61.25,66,71,1.68,CL,1627879668
245,Río Gallegos,-51.6226,-69.2181,39.25,60,0,16.11,AR,1627879668
246,Solwezi,-12.1688,26.3894,51.12,80,18,3.62,ZM,1627879669
247,Kimbe,-5.5502,150.1429,85.64,70,59,4.52,PG,1627879669
248,Ust'-Ilimsk,58.0006,102.6619,78.24,27,57,5.66,RU,1627879670
249,Bengkulu,-3.8004,102.2655,78.91,87,56,7.78,ID,1627879521
250,Lucapa,-8.4192,20.7447,60.03,37,77,4.59,AO,1627879704
251,Paamiut,61.994,-49.6678,45.79,95,100,6.82,GL,1627879705
252,Pangnirtung,66.1451,-65.7125,50.14,83,100,0.87,CA,1627879706
253,Beisfjord,68.3751,17.5988,49.05,98,100,5.66,NO,1627879708
254,São Paulo de Olivença,-3.3783,-68.8725,69.06,75,79,2.04,BR,1627879709
255,Celestún,20.8667,-90.4,80.62,80,86,12.19,MX,1627879709
256,Torbay,47.6666,-52.7314,59.29,93,75,14.97,CA,1627879710
257,Kayes,14.0,-11.0,73.36,91,89,9.89,ML,1627879711
258,Oodweyne,9.4092,45.064,71.87,61,20,26.02,SO,1627879711
259,Leh,34.1667,77.5833,66.0,38,4,6.02,IN,1627879711
260,Hirara,24.8,125.2833,86.27,84,75,5.75,JP,1627879712
261,Key Largo,25.0865,-80.4473,84.97,72,21,9.37,US,1627879510
262,Marquette,46.5333,-87.6335,54.77,89,32,4.0,US,1627879712
263,Assiniboia,49.6334,-105.9845,71.51,40,100,6.91,CA,1627879714
264,Clarksville,36.5298,-87.3595,71.85,93,1,0.0,US,1627879570
265,Langcangan,8.4794,123.7558,89.24,56,82,6.44,PH,1627879714
266,Norman Wells,65.282,-126.8329,78.84,41,20,3.44,CA,1627879715
267,Bertoua,4.5833,13.6833,66.4,99,100,2.44,CM,1627879715
268,Anadyr,64.75,177.4833,50.0,76,40,8.01,RU,1627879715
269,General Pico,-35.6566,-63.7568,42.76,59,0,8.19,AR,1627879694
270,Eyl,7.9803,49.8164,81.93,62,30,32.26,SO,1627879620
271,Srednekolymsk,67.45,153.6833,49.8,45,93,8.03,RU,1627879717
272,Batagay-Alyta,67.8006,130.4114,74.32,36,0,6.64,RU,1627879718
273,Margate,51.3813,1.3862,57.69,77,86,3.0,GB,1627879718
274,Oxford,51.7522,-1.256,56.79,95,90,2.3,GB,1627879719
275,Vila Velha,-20.3297,-40.2925,60.75,88,75,2.3,BR,1627879719
276,Ribeira do Pombal,-10.8344,-38.5358,64.38,94,60,3.78,BR,1627879719
277,Binzhou,37.3667,118.0167,84.6,60,30,9.42,CN,1627879720
278,Pervomays'k,48.0443,30.8507,77.97,66,5,11.65,UA,1627879721
279,Sungai Penuh,-2.0833,101.3833,73.65,77,100,4.43,ID,1627879721
280,Venezuela,8.0,-66.0,74.26,87,59,5.95,VE,1627879577
281,Biltine,14.5333,20.9167,75.67,72,100,8.08,TD,1627879724
282,Chimbarongo,-34.7,-71.05,40.73,64,0,2.1,CL,1627879724
283,Ponta do Sol,32.6667,-17.1,72.23,81,3,4.63,PT,1627879726
284,Ripky,51.801,31.0838,76.77,82,80,9.15,UA,1627879726
285,Abu Kamal,34.4506,40.9171,91.65,23,0,11.41,SY,1627879727
286,Tura,25.5198,90.2201,81.63,84,89,5.5,IN,1627879728
287,La Sarre,48.8002,-79.1996,45.54,93,20,3.6,CA,1627879516
288,Kathu,7.9178,98.3332,85.82,75,99,18.59,TH,1627879728
289,Bosaso,11.2842,49.1816,93.18,40,0,29.93,SO,1627879729
290,Makassar,-5.14,119.4221,86.05,66,40,5.75,ID,1627879730
291,Firminy,45.3873,4.2907,52.47,93,0,3.44,FR,1627879730
292,Radomsko,51.0671,19.4448,59.52,88,100,10.04,PL,1627879732
293,Pisco,-13.7,-76.2167,62.65,82,90,8.05,PE,1627879501
294,Itarema,-2.9248,-39.9167,74.68,63,50,7.83,BR,1627879685
295,Mabaruma,8.2,-59.7833,72.21,99,100,2.8,GY,1627879733
296,De-Kastri,51.4667,140.7833,66.45,75,99,6.24,RU,1627879733
297,Kutum,14.2,24.6667,70.02,78,86,16.98,SD,1627879733
298,Moerai,-22.4333,-151.3333,74.73,75,99,12.84,PF,1627879734
299,Natal,-5.795,-35.2094,75.42,78,75,14.97,BR,1627879562
300,Plettenberg Bay,-34.0527,23.3716,57.49,87,100,2.55,ZA,1627879764
301,Luuk Datan,4.8119,119.8453,84.81,73,98,17.47,PH,1627879765
302,Vila Franca do Campo,37.7167,-25.4333,70.21,90,52,9.06,PT,1627879765
303,Dwārka,22.2394,68.9678,83.28,79,95,21.65,IN,1627879766
304,Turukhansk,65.8167,87.9833,75.34,42,98,9.26,RU,1627879766
305,Sandovo,58.4602,36.4128,64.89,80,100,2.73,RU,1627879768
306,Hofn,64.2539,-15.2082,53.37,92,100,5.53,IS,1627879768
307,Osakarovka,50.565,72.5692,83.14,37,1,10.16,KZ,1627879769
308,Kiryat Gat,31.61,34.7642,88.39,53,0,3.18,IL,1627879743
309,Alangāyam,12.6,78.75,85.24,46,98,14.18,IN,1627879770
310,Esna,25.2934,32.554,80.62,15,6,5.12,EG,1627879771
311,Mt. Pleasant,32.7941,-79.8626,82.54,82,90,0.0,US,1627879515
312,Victoria Point,-27.5833,153.3,77.43,69,37,7.0,AU,1627879774
313,Hanstholm,57.1167,8.6167,57.61,83,75,12.15,DK,1627879774
314,Sirte,31.2089,16.5887,81.19,71,0,6.31,LY,1627879775
315,Mocuba,-16.8392,36.9856,60.17,84,0,3.02,MZ,1627879775
316,Tres Arroyos,-38.3739,-60.2798,39.49,70,0,10.8,AR,1627879776
317,Salinópolis,-0.6136,-47.3561,76.44,81,61,2.55,BR,1627879777
318,La Santisima Trinidad,-14.8333,-64.9,66.65,28,12,7.05,BO,1627879778
319,Pokosnoye,55.5258,101.0536,57.6,91,100,9.33,RU,1627879779
320,Bonavista,48.6499,-53.1147,60.12,86,2,17.07,CA,1627879780
321,Marrakesh,31.6315,-8.0083,62.67,72,50,3.44,MA,1627879528
322,Çarşamba,41.1989,36.7219,78.78,94,40,1.14,TR,1627879781
323,San Juan,-31.5375,-68.5364,51.58,31,0,1.23,AR,1627879666
324,Laguna de Perlas,12.3429,-83.6712,78.15,90,95,12.17,NI,1627879782
325,Barranca,-10.75,-77.7667,62.35,87,98,10.31,PE,1627879784
326,Tevaitoa,-16.7833,-151.5,77.47,71,11,15.01,PF,1627879785
327,Fortuna,40.5982,-124.1573,54.93,92,90,8.05,US,1627879785
328,Santiago,-33.4569,-70.6483,62.29,33,1,3.44,CL,1627879689
329,Bāndarban,22.1965,92.2262,76.8,97,100,1.88,BD,1627879786
330,Maku,39.2911,44.4521,70.61,63,43,4.54,IR,1627879787
331,Port Macquarie,-31.4333,152.9167,67.96,66,94,5.37,AU,1627879788
332,Muros,42.7762,-9.0603,64.83,92,60,7.9,ES,1627879789
333,Tarauacá,-8.1614,-70.7656,66.06,57,2,2.42,BR,1627879790
334,La Reforma,25.0833,-108.05,83.16,77,93,3.22,MX,1627879790
335,Caravelas,-17.7125,-39.2481,67.95,65,79,7.76,BR,1627879790
336,Rabo de Peixe,37.8,-25.5833,69.31,94,75,9.22,PT,1627879792
337,Coyhaique,-45.5752,-72.0662,48.15,76,90,6.91,CL,1627879792
338,Nyrob,60.733,56.7202,65.03,67,85,6.06,RU,1627879792
339,Cooma,-36.2333,149.1333,53.37,37,0,17.27,AU,1627879793
340,Tiruvallur,13.15,79.9167,90.34,39,99,13.82,IN,1627879793
341,Nuuk,64.1835,-51.7216,56.01,71,75,4.61,GL,1627879794
342,Anchorage,61.2181,-149.9003,76.08,63,1,5.75,US,1627879637
343,Makkah al Mukarramah,21.4267,39.8261,91.89,42,21,14.65,SA,1627879795
344,Guerrero Negro,27.9769,-114.0611,73.99,74,0,11.95,MX,1627879796
345,Rock Springs,41.5875,-109.2029,68.23,53,1,1.01,US,1627879797
346,San Jose,37.3394,-121.895,66.07,70,20,1.01,US,1627879726
347,La Roda,39.2167,-2.15,64.4,77,100,6.73,ES,1627879799
348,Longyearbyen,78.2186,15.6401,44.44,76,40,10.36,SJ,1627879799
349,Novikovo,51.1537,37.8879,80.06,45,55,5.5,RU,1627879800
350,Kununurra,-15.7667,128.7333,94.98,34,36,3.44,AU,1627879824
351,Dali,25.7,100.1833,79.57,45,0,1.52,CN,1627879825
352,Rodolfo Sánchez Taboada,31.7167,-116.5667,68.18,88,2,4.0,MX,1627879825
353,São Miguel do Araguaia,-13.275,-50.1628,72.09,42,5,4.03,BR,1627879826
354,Omsukchan,62.5333,155.8,34.47,97,100,11.16,RU,1627879826
355,Tautira,-17.7333,-149.15,77.02,68,2,11.14,PF,1627879828
356,Alakurtti,66.9672,30.3491,55.63,99,100,1.72,RU,1627879828
357,Āsosa,10.0667,34.5333,62.44,87,74,2.93,ET,1627879829
358,Tadine,-21.55,167.8833,69.64,60,62,14.88,NC,1627879641
359,Vanimo,-2.6741,141.3028,86.13,65,39,6.78,PG,1627879829
360,Cockburn Town,21.4612,-71.1419,81.95,79,100,20.51,TC,1627879830
361,Cookeville,36.1628,-85.5016,69.24,96,90,0.0,US,1627879831
362,Talnakh,69.4865,88.3972,69.71,54,52,6.53,RU,1627879832
363,Kurmanayevka,52.5093,52.0675,84.36,33,41,4.29,RU,1627879832
364,Quryq,43.2,51.65,91.92,19,0,3.83,KZ,1627879835
365,Joshīmath,30.5667,79.5667,81.81,64,73,6.49,IN,1627879835
366,Klaksvík,62.2266,-6.589,47.32,79,98,4.23,FO,1627879835
367,Balkhash,46.844,74.9804,92.01,18,0,15.66,KZ,1627879836
368,Erenhot,43.6475,111.9767,76.51,30,94,13.06,CN,1627879837
369,Chernyshevskiy,63.0128,112.4714,82.4,30,100,13.02,RU,1627879837
370,Langsa,4.4683,97.9683,91.27,50,80,3.87,ID,1627879837
371,Broken Hill,-31.95,141.4333,62.31,39,19,18.41,AU,1627879839
372,Dhidhdhoo,6.8833,73.1,83.19,73,99,12.41,MV,1627879839
373,Hong Kong,22.2855,114.1577,89.65,79,100,7.0,HK,1627879840
374,Luanda,-8.8368,13.2343,72.45,84,100,3.6,AO,1627879616
375,Launceston,-41.45,147.1667,54.81,84,75,3.0,AU,1627879840
376,Cañon City,38.441,-105.2424,69.78,77,40,0.0,US,1627879841
377,Nago,26.5881,127.9761,88.23,82,71,15.23,JP,1627879841
378,Utica,43.1009,-75.2327,61.81,97,71,2.82,US,1627879317
379,Laas,46.6166,10.7002,54.48,88,90,4.29,IT,1627879843
380,Gouré,13.9835,10.2704,75.94,80,92,20.27,NE,1627879843
381,Grand Gaube,-20.0064,57.6608,70.38,74,6,3.0,MU,1627879843
382,Constitución,-35.3333,-72.4167,51.89,64,0,5.82,CL,1627879844
383,Meulaboh,4.1363,96.1285,84.54,62,93,2.35,ID,1627879844
384,Mahébourg,-20.4081,57.7,70.25,73,75,11.5,MU,1627879845
385,Bakaly,55.1789,53.8028,78.58,39,27,7.61,RU,1627879845
386,Huautla,21.0333,-98.2833,70.99,91,11,4.5,MX,1627879846
387,Sabzawār,36.2126,57.6819,76.28,27,0,6.91,IR,1627879847
388,Sørland,67.667,12.6934,48.27,76,100,13.82,NO,1627879848
389,Puerto Ayacucho,5.6639,-67.6236,72.3,94,86,4.88,VE,1627879848
390,Vawkavysk,53.1561,24.4513,62.29,98,100,21.3,BY,1627879849
391,Mersing,2.4312,103.8405,91.31,62,40,5.75,MY,1627879849
392,Sawākin,19.1059,37.3321,91.22,51,35,17.87,SD,1627879850
393,Ostrovnoy,68.0531,39.5131,56.86,70,30,12.86,RU,1627879850
394,Kavieng,-2.5744,150.7967,82.71,77,10,9.93,PG,1627879851
395,Vila Praia de Âncora,41.811,-8.8526,66.11,93,99,6.02,PT,1627879851
396,Mumford,5.2618,-0.759,73.54,93,23,6.08,GH,1627879851
397,Rodrigues Alves,-7.738,-72.6509,65.82,68,6,2.1,BR,1627879852
398,East London,-33.0153,27.9116,61.74,67,75,9.22,ZA,1627879852
399,Lagoa,39.05,-27.9833,72.07,94,100,12.53,PT,1627879853
400,Simbahan,6.3032,120.5836,84.15,74,82,12.66,PH,1627879884
401,Bayan,46.0833,127.4,70.38,94,100,7.45,CN,1627879886
402,Majene,-3.5403,118.9707,84.49,68,67,8.05,ID,1627879886
403,Kisesa,-3.0833,34.15,62.38,58,19,10.0,TZ,1627879887
404,Iquitos,-3.7481,-73.2472,73.44,94,75,1.14,PE,1627879887
405,Sola,-13.8833,167.55,75.97,62,73,14.76,VU,1627879721
406,Samfya,-11.3649,29.5565,56.53,80,16,6.85,ZM,1627879888
407,Hobyo,5.3505,48.5268,79.2,72,6,22.19,SO,1627879889
408,Saint Anthony,45.0205,-93.218,66.15,72,1,0.0,US,1627879890
409,Tambura,5.6,27.4667,67.28,98,100,3.42,SS,1627879890
410,Zhanakorgan,43.9098,67.2495,96.19,12,0,20.89,KZ,1627879891
411,Sassandra,4.95,-6.0833,73.44,92,30,3.2,CI,1627879892
412,Tamandaré,-8.7597,-35.1047,71.8,84,24,12.19,BR,1627879893
413,Siniscola,40.5719,9.6922,67.55,72,48,7.7,IT,1627879893
414,Rochester,43.1548,-77.6156,63.3,90,90,3.44,US,1627879330
415,Varhaug,58.6147,5.6457,54.48,73,70,23.67,NO,1627879894
416,Zaysan,47.4667,84.8667,85.53,19,0,11.14,KZ,1627879894
417,Padang,-0.9492,100.3543,86.05,73,100,4.85,ID,1627879894
418,Toppenish,46.3774,-120.3087,85.3,57,63,5.59,US,1627879896
419,Sabang,5.8933,95.3214,83.97,70,95,19.77,ID,1627879896
420,Inhambane,-23.865,35.3833,59.0,100,0,3.0,MZ,1627879896
421,Taguatinga,-12.3857,-46.5711,72.64,39,48,11.61,BR,1627879897
422,Elko,41.0002,-115.5012,64.42,48,72,2.19,US,1627879897
423,Beloha,-25.1667,45.05,65.5,55,0,7.11,MG,1627879898
424,Tombouctou,20.0,-3.0,89.82,40,12,10.67,ML,1627879898
425,Manta,-0.95,-80.7333,73.18,88,90,11.5,EC,1627879899
426,Puerto del Rosario,28.5004,-13.8627,69.55,78,27,21.85,ES,1627879901
427,Yining,29.0361,114.5636,99.03,42,0,4.59,CN,1627879902
428,Mahibadhoo,3.7833,72.9667,82.81,72,100,8.95,MV,1627879904
429,Chokwé,-24.5333,32.9833,59.58,58,0,5.1,MZ,1627879905
430,Abu Samrah,35.3029,37.1841,82.83,36,0,7.4,SY,1627879905
431,Batagay,67.6333,134.6333,75.63,24,0,2.91,RU,1627879906
432,Ola,59.5833,151.2833,59.11,46,13,20.98,RU,1627879906
433,Nha Trang,12.25,109.1833,98.6,49,89,9.17,VN,1627879856
434,Thunder Bay,48.4001,-89.3168,58.28,93,1,4.61,CA,1627879908
435,Los Llanos de Aridane,28.6585,-17.9182,67.75,80,75,17.27,ES,1627879909
436,Shimanovsk,52.0,127.7,70.57,55,94,3.0,RU,1627879909
437,Agua Verde,22.9,-106.05,87.13,80,100,0.65,MX,1627879911
438,Paita,-5.0892,-81.1144,65.07,82,1,9.64,PE,1627879911
439,Gulu,2.7746,32.299,66.38,74,99,1.63,UG,1627879912
440,Cortez,37.3489,-108.5859,70.56,66,75,3.44,US,1627879912
441,San Patricio,28.017,-97.5169,84.85,77,2,13.13,US,1627879913
442,Sabaudia,41.3003,13.0282,72.9,85,0,1.99,IT,1627879913
443,Bragança,-1.0536,-46.7656,69.98,92,43,0.83,BR,1627879914
444,Namatanai,-3.6667,152.4333,81.88,79,36,8.68,PG,1627879914
445,Blackwater,-23.5833,148.8833,83.73,27,0,8.28,AU,1627879915
446,Hulan Ergi,47.2042,123.6333,68.31,71,100,10.45,CN,1627879916
447,Mendi,-6.1761,143.6513,63.05,91,53,3.24,PG,1627879916
448,Severnoye,56.3491,78.3619,65.62,91,100,9.6,RU,1627879917
449,Bognor Regis,50.7821,-0.6798,59.02,96,9,8.88,GB,1627879917
450,Winfield,37.2398,-96.9956,70.81,73,1,4.61,US,1627879944
451,Mangai,-4.05,19.5333,65.23,45,98,1.25,CD,1627879945
452,Kaseda-shirakame,31.4167,130.3167,90.63,64,98,13.96,JP,1627879945
453,Kampot,10.6167,104.1833,84.25,65,98,16.91,KH,1627879809
454,North Shore,-36.8,174.75,58.98,83,43,8.99,NZ,1627879947
455,Monrovia,6.3005,-10.7969,76.28,78,97,7.49,LR,1627879947
456,Mandalī,33.7499,45.5541,104.77,13,8,3.53,IQ,1627879947
457,Emerald,-23.5333,148.1667,86.34,30,0,11.5,AU,1627879948
458,Kushmurun,52.4503,64.6311,81.14,44,22,7.92,KZ,1627879948
459,Shurugwi,-19.6702,30.0059,47.68,55,0,3.15,ZW,1627879948
460,Alberton,46.8168,-64.0654,64.31,79,25,10.18,CA,1627879950
461,Meihekou,42.5272,125.6753,68.79,97,100,9.64,CN,1627879951
462,Bo Rai,12.5728,102.5371,86.85,81,100,9.17,TH,1627879951
463,Perth,-31.9333,115.8333,59.09,76,75,8.05,AU,1627879834
464,Tūkrah,32.5341,20.5791,80.49,65,0,6.62,LY,1627879952
465,Barra Patuca,15.8,-84.2833,78.78,88,35,7.63,HN,1627879709
466,Birjand,32.8663,59.2211,75.67,13,0,9.22,IR,1627879957
467,Mossamedes,-15.1961,12.1522,66.43,85,3,3.09,AO,1627879957
468,Yulara,-25.2406,130.9889,64.24,17,0,10.36,AU,1627879959
469,Orsha,54.5153,30.4053,70.02,90,84,11.23,BY,1627879959
470,San-Pédro,4.7485,-6.6363,74.62,89,78,5.75,CI,1627879960
471,El Alto,-4.2714,-81.2147,64.06,79,0,14.92,PE,1627879961
472,The Valley,18.217,-63.0578,80.82,75,0,14.32,AI,1627879962
473,Talcahuano,-36.7167,-73.1167,44.28,100,0,9.22,CL,1627879963
474,Baiyin,36.5583,104.2081,88.68,20,4,18.66,CN,1627879964
475,Tete,-16.1564,33.5867,51.89,87,20,4.61,MZ,1627879964
476,Amahai,-3.3333,128.9167,83.19,75,29,5.55,ID,1627879965
477,Maniitsoq,65.4167,-52.9,48.2,77,100,4.21,GL,1627879965
478,Parakai,-36.65,174.4333,59.22,83,69,10.0,NZ,1627879965
479,Marinette,45.1,-87.6307,64.85,67,90,3.44,US,1627879966
480,Lorengau,-2.0226,147.2712,84.6,74,60,9.57,PG,1627879966
481,Inhapi,-9.2214,-37.7486,62.44,94,34,3.33,BR,1627879967
482,Dabola,10.75,-11.1167,69.75,98,100,2.48,GN,1627879968
483,Bubaque,11.2833,-15.8333,78.94,84,90,20.4,GW,1627879968
484,Sitka,57.0531,-135.33,62.49,72,75,0.0,US,1627879969
485,Pimenta Bueno,-11.6725,-61.1936,66.63,44,11,4.27,BR,1627879874
486,Armizonskoye,55.9461,67.6736,72.97,55,34,13.85,RU,1627879970
487,Pāthri,19.25,76.45,82.33,61,100,20.89,IN,1627879970
488,Port Hardy,50.6996,-127.4199,60.98,82,75,5.75,CA,1627879971
489,Spring Valley,36.108,-115.245,95.04,37,1,1.01,US,1627879567
490,Poronaysk,49.2167,143.1167,63.63,71,16,10.11,RU,1627879971
491,Tuzha,57.6062,47.936,72.41,60,99,11.12,RU,1627879972
492,Kahama,-3.8333,32.6,62.24,58,2,7.38,TZ,1627879972
493,Tokur,53.1333,132.9,57.15,99,100,2.73,RU,1627879973
494,Berbera,10.4396,45.0143,90.37,40,34,30.44,SO,1627879973
495,Zholymbet,51.7433,71.7122,83.21,40,12,11.39,KZ,1627879973
496,Inta,66.0317,60.1659,54.63,87,91,11.36,RU,1627879974
497,Port-Gentil,-0.7193,8.7815,76.42,78,92,11.45,GA,1627879975
498,Paramirim,-13.4425,-42.2389,59.41,82,92,7.78,BR,1627879976
499,Harper,4.375,-7.7169,76.19,77,100,6.26,LR,1627879976
500,Colac,-38.3333,143.5833,58.15,63,1,14.79,AU,1627880005
501,Corrales,35.2378,-106.6067,76.05,59,90,1.99,US,1627880006
502,Spornoye,50.8448,37.2913,77.02,47,23,6.55,RU,1627880006
503,Sur,22.5667,59.5289,94.06,49,93,6.33,OM,1627880007
504,Mokhsogollokh,61.4681,128.9203,82.58,23,100,10.71,RU,1627880007
505,Kansanshi,-12.0951,26.4273,50.61,80,17,3.51,ZM,1627880007
506,Surakarta,-7.5561,110.8317,89.1,49,30,10.6,ID,1627880008
507,Shanghai,31.2222,121.4581,89.46,68,75,11.18,CN,1627879644
508,Thai Binh,20.45,106.3333,91.4,59,84,4.47,VN,1627880008
509,Griffith,41.5284,-87.4237,68.9,78,1,4.61,US,1627880010
510,Belmonte,-15.8631,-38.8828,64.9,77,100,12.01,BR,1627880011
511,Pontianak,-0.0333,109.3333,85.98,79,40,3.44,ID,1627880011
512,Taku,39.0211,117.6469,85.96,56,3,5.32,CN,1627880012
513,Macusani,-14.0833,-70.4333,31.06,83,78,4.59,PE,1627880013
514,Roebourne,-20.7833,117.1333,75.99,25,0,16.02,AU,1627880015
515,Helong,42.5397,128.9972,72.32,98,100,4.47,CN,1627880015
516,Luganville,-15.5333,167.1667,74.03,66,57,10.4,VU,1627880016
517,Naze,28.3667,129.4833,85.12,87,91,17.0,JP,1627880016
518,Derzhavīnsk,51.1,66.3167,85.33,39,4,10.98,KZ,1627880018
519,Bonthe,7.5264,-12.505,76.21,85,87,9.22,SL,1627880018
520,Avera,33.194,-82.5271,81.72,82,18,5.46,US,1627880019
521,Santa Cruz de la Sierra,-17.8,-63.1667,69.26,30,75,12.66,BO,1627880020
522,Watertown,42.3709,-71.1828,67.57,82,90,1.01,US,1627879800
523,Wairoa,-39.0333,177.3667,52.56,82,1,1.99,NZ,1627880021
524,Buala,-8.145,159.5921,79.39,84,100,7.47,SB,1627880022
525,Akhisar,38.9185,27.8401,80.4,37,0,4.32,TR,1627880023
526,Lárdos,36.0942,28.0157,87.62,45,0,8.46,GR,1627880023
527,San Roque Dau First,14.9784,120.5741,85.05,76,98,19.15,PH,1627880023
528,Malakal,9.5334,31.6605,72.12,93,92,3.85,SS,1627880024
529,Salalah,17.0151,54.0924,75.42,92,100,4.88,OM,1627879943
530,Bumba,2.1833,22.4667,71.02,88,100,1.88,CD,1627880025
531,Tazovsky,67.4667,78.7,61.99,58,100,11.12,RU,1627880025
532,Morant Bay,17.8815,-76.4093,82.02,86,100,11.81,JM,1627880026
533,Somerville,42.3876,-71.0995,67.55,81,78,1.99,US,1627880015
534,Bathsheba,13.2167,-59.5167,81.21,78,40,11.5,BB,1627879744
535,Hearst,49.6835,-83.6665,53.85,92,93,5.26,CA,1627880027
536,Kamenka,51.3223,42.7678,79.65,47,4,6.11,RU,1627880028
537,Mastic Beach,40.7668,-72.8521,70.05,88,90,4.0,US,1627880029
538,Manjeshwar,12.7194,74.8861,83.35,75,59,9.98,IN,1627880029
539,Kaeo,-35.1,173.7833,61.32,70,24,11.21,NZ,1627880029
540,Ribeira Grande,38.5167,-28.7,72.84,94,29,11.27,PT,1627880030
541,Wynyard,-41.0,145.7167,53.17,83,43,11.39,AU,1627880030
542,Dul'durga,50.6761,113.5931,74.34,58,62,5.61,RU,1627880030
543,Enshi,30.3,109.4833,98.08,44,2,0.98,CN,1627880031
544,Kupang,-10.1667,123.5833,90.18,48,40,19.57,ID,1627880031
545,Aizkraukle,56.6048,25.2553,60.89,99,100,3.56,LV,1627880034
546,Khanpur,28.6453,70.6567,95.16,45,100,14.18,PK,1627880034
547,Quatre Cocos,-20.2078,57.7625,70.09,61,7,14.67,MU,1627880035
548,Egvekinot,66.3167,-179.1667,45.46,58,98,5.82,RU,1627880036
549,West Wendover,40.7391,-114.0733,72.61,53,1,0.0,US,1627880036
550,Talakan,50.3167,130.3667,67.84,97,100,0.96,RU,1627880064
551,Svetlaya,46.5389,138.3297,69.48,73,73,8.97,RU,1627880065
552,Kinkala,-4.3614,14.7644,66.51,93,63,3.09,CG,1627880066
553,Kurtalan,37.9272,41.7028,77.22,36,3,4.56,TR,1627880067
554,Boké,10.9409,-14.2967,72.77,98,75,3.53,GN,1627880067
555,Walvis Bay,-22.9575,14.5053,72.09,19,0,16.11,NA,1627880068
556,Peniche,39.3558,-9.3811,69.76,95,81,5.7,PT,1627880068
557,Poum,-20.2333,164.0167,69.96,60,6,15.46,NC,1627880069
558,Santiago del Estero,-27.7951,-64.2615,51.8,36,0,5.99,AR,1627880027
559,Susuman,62.7833,148.1667,52.88,41,22,14.74,RU,1627880069
560,Yantal',56.8471,105.2542,77.07,29,6,6.71,RU,1627880070
561,Leshukonskoye,64.8989,45.7622,60.91,84,99,1.79,RU,1627880072
562,Havre-St-Pierre,50.2334,-63.5986,55.4,100,75,3.44,CA,1627880072
563,Igarka,67.4667,86.5833,69.24,56,24,6.33,RU,1627880072
564,Dingle,10.9995,122.6711,88.83,63,98,15.9,PH,1627880073
565,Ulladulla,-35.35,150.4667,63.5,52,4,15.73,AU,1627880073
566,Niğde,37.8333,34.75,67.12,35,0,6.4,TR,1627880074
567,Khuzdar,27.7384,66.6434,92.21,12,18,7.2,PK,1627880075
568,Sept-Îles,50.2001,-66.3821,56.05,93,75,0.0,CA,1627880042
569,Polunochnoye,60.8697,60.4153,67.44,58,9,6.85,RU,1627880075
570,Amga,60.8953,131.9608,80.69,36,100,10.69,RU,1627880077
571,Hutang,31.5333,119.4833,89.73,67,45,6.51,CN,1627880077
572,Garoowe,8.4054,48.4845,78.13,58,45,29.8,SO,1627880078
573,Columbus,39.9612,-82.9988,64.6,83,1,6.91,US,1627879810
574,Taihe,30.8712,105.3845,92.25,53,0,4.14,CN,1627880079
575,Izhma,65.0083,53.9113,61.77,72,5,2.26,RU,1627880079
576,Upington,-28.4478,21.2561,46.78,53,0,2.3,ZA,1627880080
577,Saurimo,-9.6608,20.3916,54.66,44,78,5.23,AO,1627880080
578,Iracoubo,5.4802,-53.2011,76.1,88,22,8.37,GF,1627880080
579,Ahipara,-35.1667,173.1667,55.69,79,35,11.41,NZ,1627880081
580,Kościerzyna,54.1223,17.9812,60.3,92,99,8.61,PL,1627880081
581,Kisangani,0.5167,25.2,72.16,87,100,2.28,CD,1627880081
